first_name,last_name,email,phone,stret1,stret2,city,state,zip
Paola,Croce,pcroce0@usda.gov,5593596713,3 Eastwood Place,13th Floor,Fresno,California,93762
Mimi,Walsh,mwalsh1@meetup.com,7041890007,2748 Warrior Junction,PO Box 46555,Gastonia,North Carolina,28055
Gloriana,Bogie,gbogie2@seattletimes.com,2057231647,5046 Arizona Court,Room 1639,Birmingham,Alabama,35254
Brigit,Lowten,blowten3@japanpost.jp,2487980334,81 Shopko Drive,20th Floor,Troy,Michigan,48098
Morlee,Denson,mdenson4@blogspot.com,3054697325,735 Rusk Park,Room 217,Naples,Florida,33961
Mada,Reeds,mreeds5@nytimes.com,3146855506,579 Thierer Junction,Suite 82,Saint Louis,Missouri,63116
Axel,Klemenz,aklemenz6@bizjournals.com,4125053674,21 Maywood Hill,PO Box 72575,Pittsburgh,Pennsylvania,15215
Joana,McFayden,jmcfayden7@qq.com,8128320916,17 Towne Road,PO Box 37484,Evansville,Indiana,47732
Gabbie,Alastair,galastair8@uiuc.edu,4148871967,13647 Hermina Alley,PO Box 27437,Milwaukee,Wisconsin,53220
Elayne,Atley,eatley9@comcast.net,6784283793,66968 Loomis Avenue,18th Floor,Atlanta,Georgia,30328
Tobias,Jesse,tjessea@illinois.edu,2022697710,30 Sachs Terrace,Suite 46,Washington,District of Columbia,20268
Jerrold,Clink,jclinkb@gravatar.com,8043490030,03 Harbort Terrace,Suite 65,Richmond,Virginia,23203
Pernell,Rheubottom,prheubottomc@so-net.ne.jp,5852207068,20863 Dryden Lane,PO Box 36281,Rochester,New York,14639
Camella,Disman,cdismand@wordpress.com,8501291266,025 Briar Crest Crossing,PO Box 73849,Pensacola,Florida,32575
Ashleigh,Moors,amoorse@ow.ly,4173922642,0 Ilene Point,Apt 1125,Springfield,Missouri,65898
Kim,Besson,kbessonf@storify.com,2107563504,66175 Petterle Road,PO Box 18443,San Antonio,Texas,78240
Gonzalo,McCraw,gmccrawg@goodreads.com,5085501095,21741 Swallow Parkway,Apt 1564,Worcester,Massachusetts,01654
Keen,Fanshaw,kfanshawh@apple.com,6614553432,03394 Ohio Street,Room 600,Bakersfield,California,93305
Catie,Moultrie,cmoultriei@wisc.edu,9155604853,3599 Duke Crossing,20th Floor,El Paso,Texas,79905
Joey,Goodee,jgoodeej@woothemes.com,5857062290,95 Riverside Park,Suite 73,Rochester,New York,14609
Arie,Rutter,arutterk@omniture.com,8167802648,35 Becker Parkway,PO Box 83324,Kansas City,Missouri,64125
Colette,Cadigan,ccadiganl@hostgator.com,9184654031,4884 Sunbrook Pass,Apt 567,Tulsa,Oklahoma,74133
Melinda,Gresswell,mgresswellm@ucla.edu,7176358206,6 Katie Pass,PO Box 42664,York,Pennsylvania,17405
Mariele,Lisciardelli,mlisciardellin@boston.com,2039742413,63934 Darwin Pass,PO Box 47847,Waterbury,Connecticut,06726
Viv,Adrienne,vadrienneo@time.com,2038507041,0084 Canary Terrace,Suite 78,Norwalk,Connecticut,06854
Jeremiah,Pittham,jpitthamp@paginegialle.it,4104354318,05906 Magdeline Street,Suite 88,Baltimore,Maryland,21216
Humberto,Risby,hrisbyq@sakura.ne.jp,4044812419,648 Forest Trail,Apt 272,Atlanta,Georgia,30358
Drucy,Iacomelli,diacomellir@examiner.com,6179342715,19843 Canary Avenue,Apt 1458,Lynn,Massachusetts,01905
Rora,Hallward,rhallwards@zdnet.com,2142669114,9 Hoffman Parkway,Room 376,Dallas,Texas,75397
Ellis,Cuttell,ecuttellt@disqus.com,5701262068,0 Village Green Point,Apt 1584,Wilkes Barre,Pennsylvania,18763
Zeke,Bryde,zbrydeu@comsenz.com,2039199604,3 Talisman Way,PO Box 10125,New Haven,Connecticut,06520
Lurleen,Crus,lcrusv@edublogs.org,7705627715,7 Columbus Way,Room 1864,Decatur,Georgia,30089
Cosetta,Djordjevic,cdjordjevicw@vk.com,2602669706,1079 Sunfield Way,Room 1496,Fort Wayne,Indiana,46825
Aubrey,Leipold,aleipoldx@facebook.com,7024244799,655 Manitowish Parkway,PO Box 2977,Las Vegas,Nevada,89193
Inigo,Swett,iswetty@issuu.com,8185158529,58122 Center Circle,17th Floor,Burbank,California,91505
Maible,Nial,mnialz@google.com,5107445532,59 Monica Street,Room 1676,Richmond,California,94807
Shellie,Giddens,sgiddens10@umn.edu,8056587465,40 Blue Bill Park Drive,Apt 1722,Bakersfield,California,93305
Cyrill,Hibling,chibling11@theatlantic.com,3098731433,942 Express Lane,PO Box 60632,Peoria,Illinois,61635
Nancie,Widdop,nwiddop12@tripod.com,7168295213,21 Darwin Drive,Room 1692,Buffalo,New York,14205
Florian,Rickell,frickell13@so-net.ne.jp,3365768704,92 Truax Street,18th Floor,Winston Salem,North Carolina,27150
Gerhard,Reddel,greddel14@multiply.com,7754150714,856 Upham Crossing,16th Floor,Reno,Nevada,89510
Silva,Ellicott,sellicott15@gravatar.com,2021858690,3643 Ronald Regan Way,Apt 388,Washington,District of Columbia,20370
Regen,Chorley,rchorley16@hexun.com,4153355538,9382 Granby Trail,Suite 13,San Francisco,California,94126
Derril,Scotford,dscotford17@google.co.jp,8133393624,6 Rusk Center,10th Floor,Tampa,Florida,33615
Koral,Arpino,karpino18@live.com,8591359667,439 Dryden Junction,PO Box 99956,Lexington,Kentucky,40581
Freda,Macvey,fmacvey19@businessinsider.com,6122411784,4905 Transport Parkway,Suite 65,Minneapolis,Minnesota,55470
Demeter,Riba,driba1a@google.ru,2129054096,20 Gina Road,Apt 810,New York City,New York,10125
Burnaby,Cuniam,bcuniam1b@goo.gl,5156657263,8 Graceland Parkway,Suite 57,Des Moines,Iowa,50310
Lulu,Galloway,lgalloway1c@princeton.edu,5203003010,27 Bashford Point,Suite 9,Tucson,Arizona,85754
Joey,Thonason,jthonason1d@reference.com,9157454901,6 High Crossing Trail,Suite 82,El Paso,Texas,79911
Josepha,Pargiter,jpargiter1e@last.fm,9015353651,9134 Chinook Trail,Suite 43,Memphis,Tennessee,38131
Chick,Anthony,canthony1f@infoseek.co.jp,6622722741,87 Gateway Hill,PO Box 44905,Columbus,Mississippi,39705
Tamiko,Halliwell,thalliwell1g@artisteer.com,4054361461,61 Schurz Way,9th Floor,Oklahoma City,Oklahoma,73142
Maria,Soane,msoane1h@blog.com,7722898428,8 Rieder Parkway,17th Floor,Fort Pierce,Florida,34949
Phillipe,Benito,pbenito1i@sciencedaily.com,7271493849,27 Fieldstone Road,Suite 94,Tampa,Florida,33625
Kenon,Sparhawk,ksparhawk1j@myspace.com,7192365982,40049 Butterfield Avenue,Suite 18,Colorado Springs,Colorado,80951
Joan,Klemencic,jklemencic1k@unc.edu,6825824276,004 Hauk Road,Room 1859,Fort Worth,Texas,76162
Rosalie,Troppmann,rtroppmann1l@sohu.com,4042646931,20 Mandrake Junction,8th Floor,Atlanta,Georgia,30392
Lavinia,Sall,lsall1m@infoseek.co.jp,7033792439,26 Corben Terrace,Suite 64,Alexandria,Virginia,22309
Dell,Lempke,dlempke1n@sina.com.cn,7601845679,23078 Westridge Trail,Room 1993,Los Angeles,California,90040
Phylys,Hurring,phurring1o@webmd.com,2179202777,059 Springview Center,Apt 38,Springfield,Illinois,62718
Jordanna,Renachowski,jrenachowski1p@eventbrite.com,2123422018,2 Kenwood Circle,PO Box 25837,New York City,New York,10120
Lothaire,Ifill,lifill1q@businesswire.com,5139442998,00006 Mesta Pass,15th Floor,Cincinnati,Ohio,45271
Sal,Breffitt,sbreffitt1r@devhub.com,9031281337,7919 Bellgrove Point,Room 1796,Texarkana,Texas,75507
Ofelia,Pugh,opugh1s@tuttocitta.it,5615733918,02 Summerview Lane,Room 1983,Boynton Beach,Florida,33436
Kore,Curd,kcurd1t@bizjournals.com,5616740837,2 Summer Ridge Place,Room 792,West Palm Beach,Florida,33416
Winni,Bache,wbache1u@icq.com,5097485261,34542 Farwell Place,Apt 1082,Spokane,Washington,99205
Isa,Rumbelow,irumbelow1v@google.nl,6094367622,6393 Sugar Street,Apt 1696,Trenton,New Jersey,08608
Cletus,Clayhill,cclayhill1w@zimbio.com,5123729051,817 Sommers Point,PO Box 48377,Austin,Texas,78710
Judi,Dodell,jdodell1x@twitpic.com,9133490403,79329 Cody Place,Room 278,Shawnee Mission,Kansas,66210
Jeremy,Batchelour,jbatchelour1y@theatlantic.com,6821152141,866 Mockingbird Circle,PO Box 91621,Fort Worth,Texas,76115
Jarrid,Becerro,jbecerro1z@imageshack.us,6239942623,26 Amoth Terrace,Apt 1480,Glendale,Arizona,85305
Bonnie,Donati,bdonati20@noaa.gov,5591764672,2817 Service Trail,PO Box 13785,Modesto,California,95354
Kayne,Beartup,kbeartup21@dailymotion.com,4144895253,07358 Kenwood Road,Suite 76,Milwaukee,Wisconsin,53220
Raviv,Cummins,rcummins22@springer.com,2124753664,266 Walton Way,Room 1152,Brooklyn,New York,11254
Dody,Roark,droark23@themeforest.net,4059863124,0 Magdeline Parkway,PO Box 93664,Oklahoma City,Oklahoma,73157
Ferd,Roark,froark24@woothemes.com,7163543844,06 Merchant Trail,Suite 43,Buffalo,New York,14220
Harman,Wichard,hwichard25@narod.ru,3179821555,6507 Waubesa Parkway,Apt 592,Indianapolis,Indiana,46221
Morganne,Caselick,mcaselick26@accuweather.com,9099459627,4439 Summer Ridge Place,Room 487,San Bernardino,California,92424
Tamra,Glidder,tglidder27@livejournal.com,2126453205,61 Fordem Way,5th Floor,New York City,New York,10079
Myrwyn,Nibley,mnibley28@biglobe.ne.jp,6125162205,974 Forest Dale Way,Apt 326,Minneapolis,Minnesota,55428
Robinet,Halvorsen,rhalvorsen29@themeforest.net,7046551171,298 Lakeland Hill,Suite 69,Winston Salem,North Carolina,27105
Debera,Castillou,dcastillou2a@google.de,4054245367,1 Raven Junction,Apt 884,Oklahoma City,Oklahoma,73124
Arron,Magill,amagill2b@addtoany.com,5041617867,8 Hoepker Court,Room 706,Metairie,Louisiana,70005
Nat,Bradfield,nbradfield2c@china.com.cn,6519845829,6 Lake View Avenue,Room 209,Saint Paul,Minnesota,55108
Geoff,Bould,gbould2d@ibm.com,2101223621,76308 Boyd Plaza,PO Box 28665,San Antonio,Texas,78265
Harv,von Nassau,hvonnassau2e@pen.io,5013801865,27795 Green Ridge Place,PO Box 31460,Hot Springs National Park,Arkansas,71914
Meredeth,Dawidowitz,mdawidowitz2f@tripod.com,4143693825,03356 Dorton Lane,Room 1712,Milwaukee,Wisconsin,53225
Nancey,Wandrich,nwandrich2g@jigsy.com,4082842990,31 Barnett Street,Room 824,Sunnyvale,California,94089
Celisse,Ondricek,condricek2h@mit.edu,4046402591,184 Hintze Point,Room 120,Atlanta,Georgia,31136
Helen,Huggill,hhuggill2i@blogger.com,5125912501,867 Fair Oaks Street,Apt 1220,Austin,Texas,78778
Nelson,Gummer,ngummer2j@admin.ch,6021345891,517 Golf Course Alley,Suite 1,Mesa,Arizona,85205
Homerus,Alyukin,halyukin2k@wired.com,4053675742,343 Crowley Park,8th Floor,Oklahoma City,Oklahoma,73104
Jordan,Everley,jeverley2l@liveinternet.ru,3212999687,58238 Kingsford Plaza,4th Floor,Melbourne,Florida,32941
Bondon,Novelli,bnovelli2m@naver.com,9519519804,11 Brown Trail,Apt 76,Riverside,California,92513
Starlin,Scholig,sscholig2n@imgur.com,7138743290,99 6th Center,PO Box 98458,Houston,Texas,77223
Kelsey,Bischoff,kbischoff2o@usgs.gov,3306322882,5590 Kim Place,Suite 94,Akron,Ohio,44321
Ezechiel,Simper,esimper2p@google.co.uk,7861102112,97432 Norway Maple Drive,12th Floor,Homestead,Florida,33034
Edeline,De Lorenzo,edelorenzo2q@wiley.com,9155882121,679 Raven Junction,Room 637,El Paso,Texas,88525
Antoni,Bellocht,abellocht2r@nih.gov,5169377194,82599 Bartelt Road,Suite 35,Great Neck,New York,11024
